SMILES,pIC50
Brc1cccc(Nc2[nH]cnc3nc4ccccc4c2-3)c1,6.854648878356072
Brc1cccc(Nc2ccnc3ccccc23)c1,5.259637310505756
Brc1cccc(Nc2ncnc3c2[nH]c2ccccc23)c1.Cl,7.087092277507399
Brc1cccc(Nc2ncnc3c2ccc2[nH]cnc23)c1,6.565431095965801
Brc1cccc(Nc2ncnc3c2oc2ccccc23)c1,6.130768280269024
Brc1cccc(Nc2ncnc3c2sc2ccccc23)c1,7.75713928675921
Brc1cccc(Nc2ncnc3c2sc2ncccc23)c1,6.135488918941608
Brc1cccc(Nc2ncnc3c2sc2ncsc23)c1.CO,7.3979400086720375
Brc1cccc(Nc2ncnc3cc(NCCCCN4CCOCC4)ncc23)c1,8.267606240177031
Brc1cccc(Nc2ncnc3cc(NCCCN4CCOCC4)ncc23)c1,8.40638069008426
Brc1cccc(Nc2ncnc3cc(NCCCn4ccnc4)ncc23)c1,9.292429823902063
Brc1cccc(Nc2ncnc3cc(NCCN4CCOCC4)ncc23)c1,7.969273760456403
Brc1cccc(Nc2ncnc3cc(NCCc4c[nH]cn4)ncc23)c1,9.040958607678906
Brc1cccc(Nc2ncnc3cc4[nH]cc(CN5CCOCC5)c4cc23)c1,8.168243764792422
Brc1cccc(Nc2ncnc3cc4[nH]ccc4cc23)c1,9.356547323513812
Brc1cccc(Nc2ncnc3cc4[nH]cnc4cc23)c1,11.096910013008056
Brc1cccc(Nc2ncnc3cc4[nH]ncc4cc23)c1,9.356547323513812
Brc1cccc(Nc2ncnc3cc4c(ccn4CCN4CCOCC4)cc23)c1,8.11383914663854
Brc1cccc(Nc2ncnc3cc4c(cnn4CCCN4CCOCC4)cc23)c1,7.584513301338674
Brc1cccc(Nc2ncnc3cc4c(cnn4CCN4CCOCC4)cc23)c1,7.5742485236147274
Brc1cccc(Nc2ncnc3ccc(N/N=N/CCN4CCOCC4)cc23)c1,7.1938200260161125
Brc1cccc(Nc2ncnc3ccc(N/N=N/Cc4ccccc4)cc23)c1,7.6020599913279625
Brc1cccc(Nc2ncnc3ccc(N/N=N/Cc4ccccn4)cc23)c1,6.623423042943488
Brc1cccc(Nc2ncnc3ccc4[nH]cnc4c23)c1,7.5376020021010435
Brc1cccc(Nc2ncnc3ccc4cc[nH]c4c23)c1,8.906578314837764
Brc1cccc(Nc2ncnc3ccccc23)c1,7.568636235841013
Brc1cccc(Nc2ncnc3ccsc23)c1,7.958607314841775
Brc1cccc(Nc2ncnc3cnc(NCCCN4CCOCC4)nc23)c1,8.537602002101044
Brc1cccc(Nc2ncnc3cnc(NCCCn4ccnc4)nc23)c1,8.638272163982407
Brc1cccc(Nc2ncnc3cnc(NCCN4CCOCC4)nc23)c1,8.80007664364354
Brc1cccc(Nc2ncnc3cnc(NCCc4c[nH]cn4)nc23)c1,8.947244907615012
Brc1cccc(Nc2ncnc3sccc23)c1,7.455931955649724
C#Cc1cccc(Nc2c(C#N)cnc3cc(OCCOC)c(OCCOC)cc23)c1,6.070581074285707
C#Cc1cccc(Nc2ncnc3c2/C(=C/c2[nH]c(C(=O)NCCN4CCOCC4)cc2C)C(=O)N3)c1,7.3979400086720375
C#Cc1cccc(Nc2ncnc3cc(OCCOC)c(OCCOC)cc23)c1,7.419315998882512
C#Cc1cccc(Nc2ncnc3ccc(OCCCCNCCS(C)(=O)=O)cc23)c1,7.652697400533215
C/C=C/C(=O)Nc1cc2c(Nc3ccc(F)c(Cl)c3)c(C#N)cnc2cc1OCC,5.1249387366083
C/C=C/C(=O)Nc1cc2c(Nc3cccc(Br)c3)ncnc2cn1,8.70726963524575
C/C=C/C(=O)Nc1ccc2ncc(C#N)c(Nc3cccc(Br)c3)c2c1,5.790484985457369
C/C=C/C(=O)Nc1ccc2ncnc(Nc3cccc(Br)c3)c2c1,8.660059028943568
C/N=N/Nc1ccc2ncnc(N(C)c3ccccc3)c2c1,5.096910013008056
C/N=N/Nc1ccc2ncnc(NCc3ccccc3)c2c1,6.474955192963154
C/N=N/Nc1ccc2ncnc(Nc3cccc(Br)c3)c2c1,7.4089353929735005
C/N=N/Nc1ccc2ncnc(Nc3cccc(C)c3)c2c1,6.698970004336019
C/N=N/Nc1ccc2ncnc(Nc3cccc(Cl)c3)c2c1,7.0
C=C(C)C(=O)Nc1cc2c(Nc3cccc(Br)c3)ncnc2cn1,8.076213670428944
C=C(C)C(=O)Nc1ccc2ncnc(Nc3cccc(Br)c3)c2c1,8.358349385648225
C=C(CN(C)C)C(=O)Nc1cc2c(Nc3ccc(F)c(Cl)c3)c(C#N)cnc2cc1OCC,6.251811972993799
C=C(CN1CCOCC1)C(=O)Nc1ccc2ncc(C#N)c(Nc3ccc(F)c(Cl)c3)c2c1,5.568636235841013
C=C/C=C/C(=O)Nc1cc2c(Nc3cccc(Br)c3)ncnc2cn1,8.263621775341393
C=C=CC(=O)Nc1ccc2ncnc(Nc3cccc(Br)c3)c2c1,7.858349385648225
C=CC(=O)N(C)c1cc2c(Nc3cccc(Br)c3)ncnc2cn1,8.827803863157445
C=CC(=O)N(CCCN1CCOCC1)c1cc2c(Nc3cccc(Br)c3)ncnc2cn1,7.687755818743275
C=CC(=O)N(CCCN1CCOCC1)c1ccc2ncnc(Nc3cccc(Br)c3)c2c1,7.596842165095943
C=CC(=O)N(CCN(C)C)c1cc2c(Nc3cccc(Br)c3)ncnc2cn1,7.0092175347599515
C=CC(=O)Nc1cc2c(Nc3ccc(F)c(Cl)c3)c(C#N)cnc2cc1OCCCN1CCOCC1,7.096910013008056
C=CC(=O)Nc1cc2c(Nc3ccc(F)c(Cl)c3)ncnc2cc1OCCCN1CCOCC1,7.130768280269024
C=CC(=O)Nc1cc2c(Nc3ccc(F)c(Cl)c3)ncnc2cc1OCCCN1CCOCC1.Cl.Cl,8.130768280269024
C=CC(=O)Nc1cc2c(Nc3cccc(Br)c3)c(C#N)cnc2cc1OC,6.0915149811213505
C=CC(=O)Nc1cc2c(Nc3cccc(Br)c3)ncnc2cn1,8.754739845318326
C=CC(=O)Nc1ccc2ncc(C#N)c(Nc3cccc(Br)c3)c2c1,6.229147988357855
C=CC(=O)Nc1ccc2ncnc(Nc3cccc(Br)c3)c2c1,8.698970004336019
C=CCOc1ccc2ncnc(Nc3ccc(OCc4ccccc4)cc3)c2c1,7.102372908709558
C=CS(=O)(=O)Nc1cc2c(Nc3cccc(Br)c3)ncnc2cn1,8.869487583003801
C=CS(=O)(=O)Nc1ccc2ncnc(Nc3cccc(Br)c3)c2c1,8.711254100081387
C=CS(=O)(=O)c1cc2c(Nc3cccc(Br)c3)ncnc2cn1,9.366531544420413
C=C[S+]([O-])c1cc2c(Nc3cccc(Br)c3)ncnc2cn1,7.402881625638085
CC#CC(=O)Nc1cc2c(Nc3cccc(Br)c3)c(C#N)cnc2cc1OC,6.040958607678906
CC#CC(=O)Nc1ccc2ncc(C#N)c(Nc3cccc(Br)c3)c2c1,6.026872146400302
CC(=C(C#N)C#N)c1ccc(NC(=O)CCC(=O)O)cc1,3.3010299956639813
CC(=O)/C=C/C(=O)Nc1ccc2ncnc(Nc3cccc(Br)c3)c2c1,7.452101603197599
CC(=O)Oc1ccc2c(c1)c(C(=O)Nc1ccccc1)c(SSc1c(C(=O)Nc3ccccc3)c3cc(OC(C)=O)ccc3n1C)n2C,5.275724130399211
CC(=O)Oc1cccc2c(C(=O)Nc3ccccc3)c(SSc3c(C(=O)Nc4ccccc4)c4cccc(OC(C)=O)c4n3C)n(C)c12,5.00436480540245
CC(=O)Oc1cccc2c1c(C(=O)Nc1ccccc1)c(SSc1c(C(=O)Nc3ccccc3)c3c(OC(C)=O)cccc3n1C)n2C,4.698970004336019
CC(C)(C)NC(=O)Nc1nc2nc(N)ncc2cc1-c1c(Cl)cccc1Cl,6.346787486224656
CC(C)(C)NC(=O)Nc1nc2nc(N)ncc2cc1-c1ccccc1,5.257274868695302
CC(C)(C)OC(=O)N1CCC(n2cc(-c3cccc(O)c3)c3c(N)ncnc32)C1,5.657577319177793
CC(C)(C)OC(=O)N1CCC(n2cc(-c3ccccc3)c3c(N)ncnc32)C1,5.080921907623926
CC(C)(C)Oc1cc(/C=C(\C#N)C(=N)S)cc(C(C)(C)C)c1O,3.3000000031431456
CC(C)(C)c1cc(C=C(C#N)C#N)cc(C(C)(C)C)c1O,3.337242168318426
CC(C)N(CC#CC(=O)Nc1ccc2ncc(C#N)c(Nc3cccc(Br)c3)c2c1)C(C)C,6.6020599913279625
CC(NC(=O)/C(C#N)=C/c1ccc(O)c(O)c1)c1ccccc1,5.59999938302362
CCCCC(O)CN(C)[C@H]1C[C@@H]2O[C@](C)([C@H]1OC)n1c3ccccc3c3c4c(c5c6ccccc6n2c5c31)C(=O)NC4,5.886056647693163
CCCCNc1ncc2cc(-c3c(Cl)cccc3Cl)c(=O)n(C)c2n1,5.356547323513812
CCCCc1cc(/C=C(\C#N)C(N)=O)cc(CCCC)c1O,4.259637310505756
CCCN(CC#CC(=O)Nc1ccc2ncc(C#N)c(Nc3cccc(Br)c3)c2c1)CCC,6.886056647693163
CCN(C)[C@H]1C[C@@H]2O[C@](C)([C@H]1OC)n1c3ccccc3c3c4c(c5c6ccccc6n2c5c31)C(=O)NC4,6.481486060122113
CCN(CC)C(C)/C=C/C(=O)Nc1cc2c(Nc3ccc(F)c(Cl)c3)c(C#N)cnc2cc1OC,5.315154638355588
CCN(CC)C/C=C/C(=O)Nc1cc2c(Nc3ccc(F)c(Cl)c3)c(C#N)cnc2cc1OC,5.718966632752273
CCN(CC)CC(O)CNC(=O)c1cc(C)c(/C=C2\C(=O)Nc3ncnc(Nc4ccc(F)c(Cl)c4)c32)[nH]1,9.346787486224656
CCN(CC)CCCCNc1ncc2cc(-c3c(Cl)cccc3Cl)c(NC(=O)NC(C)(C)C)nc2n1,6.619788758288394
CCN(CC)CCCNC(=O)/C=C/C(=O)Nc1cc2c(Nc3cccc(Br)c3)ncnc2cn1,7.6777807052660805
CCN(CC)CCCNc1ncc2cc(-c3c(Cl)cccc3Cl)c(=O)n(C)c2n1,5.853871964321762
CCN(CC)CCCNc1ncc2cc(-c3c(Cl)cccc3Cl)c(NC(=O)NC(C)(C)C)nc2n1,5.207608310501746
CCN(CC)CCNC(=O)c1c(C)[nH]c(/C=C2\C(=O)Nc3ncnc(Nc4ccc(F)c(Cl)c4)c32)c1C,6.698970004336019
CCN(CC)CCNC(=O)c1c([Se][Se]c2[nH]c3ccccc3c2C(=O)NCCN(CC)CC)[nH]c2ccccc12,5.337242168318426
CCN(CC)CCNC(=O)c1c([Se][Se]c2c(C(=O)NCCN(CC)CC)c3ccccc3n2C)n(C)c2ccccc12,5.327902142064283
CCN(CC)CCNC(=O)c1cc(C)c(/C=C2\C(=O)Nc3ncnc(Nc4ccc(Cl)cc4F)c32)[nH]1,6.323908740944319
CCN(CC)CCNC(=O)c1cc(C)c(/C=C2\C(=O)Nc3ncnc(Nc4ccc(F)c(Cl)c4)c32)[nH]1,6.698970004336019
CCN(CC)CCn1c([Se][Se]c2c(C(=O)NC)c3ccccc3n2CCN(CC)CC)c(C(=O)NC)c2ccccc21,5.161150909262744
CCN(CC)CCn1c2ccc(OC)cc2c2c(Nc3cccc(Br)c3)ncnc21,5.369572124974976
CCN(CC)CCn1c2ccccc2c2c(Nc3cccc(Br)c3)ncnc21,5.3872161432802645
CCN(CC)c1ccc(Nc2cc3c(cc2Nc2ccc(N(CC)CC)cc2)C(=O)NC3=O)cc1,4.301029995663981
CCN1CCN(C(=O)c2cc(C)c(/C=C3\C(=O)Nc4ncnc(Nc5ccc(F)c(Cl)c5)c43)[nH]2)CC1,6.698970004336019
CCNC(=O)Nc1nc2nc(N)ncc2cc1-c1c(Cl)cccc1Cl,5.866461091629782
CCNC(=O)Nc1nc2nc(NCCCCN(CC)CC)ncc2cc1-c1c(Cl)cccc1Cl,5.8996294548824375
CCNc1cc2sc3c(Nc4cccc(Br)c4)ncnc3c2cc1F.CCO,7.586476991497633
CCNc1ncc2cc(-c3c(Cl)cccc3Cl)c(=O)n(C)c2n1,5.346787486224656
CCO.CNc1ccc2sc3c(Nc4cccc(Br)c4)ncnc3c2c1,8.220046687481943
CCO.Nc1ccc2sc3c(Nc4ccccc4)ncnc3c2c1,8.0268721464003
CCOC(=O)/C=C/C(=O)Nc1cc2c(Nc3cccc(Br)c3)ncnc2cn1,8.05816928242319
CCOC(=O)/C=C/C(=O)Nc1ccc2ncnc(Nc3cccc(Br)c3)c2c1,7.881228130928562
CCOC(=O)C(Cc1ccccc1)NC(=O)/C(C#N)=C/c1ccc(O)c(O)c1,4.3100000171743025
CCOC(=O)CCCc1ccc(Nc2ncc3cc(-c4c(Cl)cccc4Cl)c(=O)n(C)c3n2)cc1,6.154901959985743
CCOc1cc2ncc(C#N)c(Nc3ccc(F)c(Cl)c3)c2cc1NC(=O)/C=C/CN(C)C,7.088915960315991
CCOc1cc2ncc(C#N)c(Nc3cccc(Br)c3)c2cc1NC(=O)/C=C/CN(C)C,5.795880017344075
CCOc1cc2ncc(C#N)c(Nc3cccc(Br)c3)c2cc1NC(=O)/C=C/CN1CCOCC1,4.986320302708807
CCOc1cc2ncnc(Nc3cccc(Br)c3)c2cc1OCC,11.221848749616356
CCOc1ccc2sc(SCc3cc(/C=C(\C#N)C(N)=O)cc(OC)c3O)nc2c1,3.7800000019463225
CC[N+](C)(C)[C@H]1C[C@@H]2O[C@](C)([C@H]1OC)n1c3ccccc3c3c4c(c5c6ccccc6n2c5c31)C(=O)NC4,7.366531544420414
CCn1c(=O)c(-c2c(Cl)cccc2Cl)cc2cnc(Nc3ccccc3)nc21,6.698970004336019
CCn1c(=O)c(-c2c(Cl)cccc2Cl)cc2cnc(Nc3ccncc3)nc21,6.309803919971486
CN(C)/N=N/c1ccc2ncnc(N(C)c3ccccc3)c2c1,4.874518734299406
CN(C)/N=N/c1ccc2ncnc(NCc3ccccc3)c2c1,6.31695296176115
CN(C)/N=N/c1ccc2ncnc(Nc3cccc(Br)c3)c2c1,7.958607314841775
CN(C)/N=N/c1ccc2ncnc(Nc3cccc(Cl)c3)c2c1,7.853871964321762
CN(C)C(=O)CN1CCC(n2cc(-c3cccc(O)c3)c3c(N)ncnc32)CC1,6.301029995663981
CN(C)C/C=C/C(=O)Nc1cc2c(Nc3ccc(F)c(Cl)c3)c(C#N)cnc2cc1OC(F)(F)F,5.578396073130169
CN(C)C/C=C/C(=O)Nc1ccc2ncc(C#N)c(Nc3ccc(F)c(Cl)c3)c2c1,6.187086643357144
CN(C)C/C=C/C(=O)Nc1ccc2ncc(C#N)c(Nc3cccc(Br)c3)c2c1,6.508638306165727
CN(C)C/C=C/C(=O)Nc1ccc2ncnc(Nc3cccc(Br)c3)c2c1,7.958607314841775
CN(C)CC/N=N/Nc1ccc2ncnc(Nc3cccc(Br)c3)c2c1,7.42021640338319
CN(C)CCCCCNc1cc2ncnc(Nc3cccc(Br)c3)c2cn1,8.075720713938118
CN(C)CCCCNc1cc2ncnc(Nc3cccc(Br)c3)c2cn1,8.130768280269024
CN(C)CCCNC(=O)/C=C/C(=O)N(C)c1cc2c(Nc3cccc(Br)c3)ncnc2cn1,7.776537344378626
CN(C)CCCNC(=O)/C=C/C(=O)Nc1cc2c(Nc3cccc(Br)c3)ncnc2cn1,7.2441251443275085
CN(C)CCCNC(=O)/C=C/C(=O)Nc1ccc2ncnc(Nc3cccc(Br)c3)c2c1,7.229147988357855
CN(C)CCCNc1cc2ncnc(Nc3cccc(Br)c3)c2cn1,8.05551732784983
CN(C)CCCOC(=O)/C=C/C(=O)Nc1ccc2ncnc(Nc3cccc(Br)c3)c2c1,6.966576244513051
CN(C)CCCn1ccc2cc3c(Nc4cccc(Br)c4)ncnc3cc21,7.158026434624244
CN(C)CCN(C)Cc1c[nH]c2cc3ncnc(Nc4cccc(Br)c4)c3cc12,7.608226858864825
CN(C)CCN(C)c1cc2ncnc(Nc3cccc(Br)c3)c2cn1,7.3979400086720375
CN(C)CCNc1cc2ncnc(Nc3cccc(Br)c3)c2cn1,7.346787486224656
CN(C)CCNc1ncc2ncnc(Nc3cccc(Br)c3)c2n1,7.455931955649724
CN(C)CCn1ccc2cc3c(Nc4cccc(Br)c4)ncnc3cc21,7.112924070522645
CN(C)CCn1ncc2cc3c(Nc4cccc(Br)c4)ncnc3cc21,6.9898193586761455
CN(C)Cc1c[nH]c2cc3ncnc(Nc4cccc(Br)c4)c3cc12,8.299127458881468
CN(C)c1cc2c(Nc3cccc(Br)c3)ncnc2cn1,8.252922702990778
CN(C)c1cc2ncnc(Nc3cccc(Br)c3)c2cn1,8.949814727441218
CN(C)c1ccc2ncnc(Nc3cccc(Br)c3)c2c1,7.075720713938118
CN(C)c1ccc2ncnc(Nc3cccc(Br)c3)c2n1,7.756289394320262
CN(C)c1ccc2sc3c(Nc4cccc(Br)c4)ncnc3c2c1,7.703334809738469
CN(C)c1ncc2ncnc(Nc3cccc(Br)c3)c2n1,8.339926856944473
CN(CC(=O)O)Cc1c[nH]c2cc3ncnc(Nc4cccc(Br)c4)c3cc12,7.688127328228166
CN(CC(=O)O)c1cc2ncnc(Nc3cccc(Br)c3)c2cn1,7.795880017344075
CN(CC(O)C(O)C(O)C(O)CO)c1cc2ncnc(Nc3cccc(Br)c3)c2cn1,8.494850021680094
CN(CC(O)CO)c1cc2ncnc(Nc3cccc(Br)c3)c2cn1,8.494850021680094
CN(CCCOc1ccc2ncnc(Nc3ccc(OCc4ccccc4)cc3)c2c1)CCS(C)(=O)=O,6.080921907623926
CN(CCO)c1cc2ncnc(Nc3cccc(Br)c3)c2cn1,8.585026652029182
CN(c1ccccc1)c1cc2c(cc1Nc1ccccc1)C(=O)NC2=O,5.060480747381382
CN(c1ccccc1)c1ncnc2ccc(N)cc12,5.075720713938118
CN(c1ccccc1)c1ncnc2ccc(N/N=N/Cc3ccccn3)cc12,5.031517051446065
CN1C(=S)C(C(=O)Nc2ccccc2)c2ccccc21,6.0
CN1C(=S)C(CCC(=O)O)c2ccccc21,5.173925197299174
CN1CCN(CCCCCNc2ncc3cc(-c4c(Cl)cccc4Cl)c(=O)n(C)c3n2)CC1,5.346787486224656
CN1CCN(CCCCNc2ncc3cc(-c4c(Cl)cccc4Cl)c(=O)n(C)c3n2)CC1,6.6777807052660805
CN1CCN(CCCNc2cc3ncnc(Nc4cccc(Br)c4)c3cn2)CC1,8.309803919971486
CN1CCN(CCCNc2ncc3cc(-c4c(Cl)cccc4Cl)c(=O)n(C)c3n2)CC1,5.060480747381382
CN1CCN(CCCNc2ncc3cc(-c4c(Cl)cccc4Cl)c(NC(=O)NC(C)(C)C)nc3n2)CC1,6.823908740944319
CN1CC[C@H](c2c(O)cc(O)c3c(=O)cc(-c4ccccc4Cl)oc23)[C@H](O)C1,4.888381863448501
CNC(=O)c1c(SSc2c(C(=O)NC)c3ccccc3n2C)n(C)c2ccccc12,5.161150909262744
CNC(=O)c1c([Se][Se]c2[nH]c3ccccc3c2C(=O)NC)[nH]c2ccccc12,4.886056647693163
CNC(=O)c1c([Se][Se]c2c(C(=O)NC)c3ccccc3n2C)n(C)c2ccccc12,5.214670164989233
CNC(=S)N(C)[C@H]1C[C@@H]2O[C@](C)([C@H]1OC)n1c3ccccc3c3c4c(c5c6ccccc6n2c5c31)C(=O)NC4,4.903089986991944
CN[C@@H]1C[C@H]2O[C@@](C)([C@@H]1OC)n1c3ccccc3c3c4c(c5c6ccccc6n2c5c31)C(=O)NC4,7.0
CN[C@H]1C[C@@H]2O[C@](C)([C@H]1OC)n1c3ccccc3c3c4c(c5c6ccccc6n2c5c31)C(=O)NC4=O,6.698970004336019
CN[C@H]1C[C@@H]2O[C@](C)([C@H]1OC)n1c3ccccc3c3c4c(c5c6ccccc6n2c5c31)C(=O)N[C@@H]4O,7.769551078621726
CN[C@H]1C[C@@H]2O[C@](C)([C@H]1OC)n1c3ccccc3c3c4c(c5c6ccccc6n2c5c31)[C@H](O)NC4=O,6.585026652029182
CNc1cc2c(Nc3cccc(Br)c3)ncnc2cn1,11.096910013008056
CNc1cc2ncnc(Nc3cccc(Br)c3)c2cn1,8.840968332518619
CNc1cc2ncnc(Nc3cccc(C)c3)c2cn1,8.853871964321762
CNc1ccc2c(Nc3cccc(Br)c3)ncnc2c1,8.397940008672037
CNc1ccc2ncnc(Nc3cccc(Br)c3)c2c1,7.958607314841775
CNc1ccc2ncnc(Nc3cccc(Br)c3)c2n1,8.103804155250874
CNc1ncc2cc(-c3c(Cl)cccc3Cl)c(=O)n(C)c2n1,5.1249387366083
CNc1ncc2ncnc(Nc3cccc(Br)c3)c2n1,8.321032576499773
CNc1ncc2ncnc(Nc3cccc(C)c3)c2n1,8.366531544420413
CNc1ncc2ncnc(Nc3ccccc3)c2n1,7.886056647693163
CO.Nc1cccc2c1sc1c(Nc3cccc(Br)c3)ncnc12,8.568636235841012
COC(=O)CC1C(S)=Nc2ccccc21,4.0
COC(=O)CCc1c(SSc2[nH]c3ccccc3c2CCC(=O)OC)[nH]c2ccccc12,4.6777807052660805
COC(=O)CN(C)Cc1c[nH]c2cc3ncnc(Nc4cccc(Br)c4)c3cc12,8.243124924959087
COC(=O)CN(C)[C@H]1C[C@@H]2O[C@](C)([C@H]1OC)n1c3ccccc3c3c4c(c5c6ccccc6n2c5c31)C(=O)NC4,5.886056647693163
COC(=O)CN1CCC(n2cc(-c3cccc(O)c3)c3c(N)ncnc32)C1,6.130768280269024
COC(=O)CN1CCC(n2cc(-c3cccc(O)c3)c3c(N)ncnc32)CC1,6.096910013008056
COC(=O)CN1CCC(n2cc(-c3cccc(OC)c3)c3c(N)ncnc32)C1,6.080921907623926
COC(=O)CN1CCC(n2cc(-c3cccc(OC)c3)c3c(N)ncnc32)CC1,5.8326826652518236
COC(=O)Cc1c(SSSc2[nH]c3ccccc3c2CC(=O)OC)[nH]c2ccccc12,4.455931955649724
COC(=O)Cc1c(SSc2[nH]c3ccccc3c2CC(=O)OC)[nH]c2ccccc12,4.7447274948966935
COC(=O)Cc1c(SSc2c(CC(=O)OC)c3ccccc3n2C)n(C)c2ccccc12,4.481486060122113
COC(=O)N(C)[C@H]1C[C@@H]2O[C@](C)([C@H]1OC)n1c3ccccc3c3c4c(c5c6ccccc6n2c5c31)C(=O)NC4,5.619788758288394
COC(=O)[C@@]1(Cc2ccc(O)c(CC=C(C)C)c2)OC(=O)C(O)=C1c1ccc(O)cc1,3.2291479883578558
COC(=O)c1cc(NCc2cc(O)ccc2O)ccc1O,5.045757490560675
COC(=O)c1cc(NCc2cc(O)ccc2O)ccc1OC,5.022276394711152
COC(=O)c1cc(NCc2cccc(O)c2)ccc1O,4.6777807052660805
COC(=O)c1cc(NCc2ccccc2O)ccc1O,4.698970004336019
COC(=O)c1ccc(C(=O)N(C)[C@H]2C[C@@H]3O[C@](C)([C@H]2OC)n2c4ccccc4c4c5c(c6c7ccccc7n3c6c42)C(=O)NC5)cc1,5.130768280269024
COC(=O)c1ccc(NCc2cc(O)ccc2O)cc1O,5.0
COC(=O)c1cccc(NCc2cc(O)ccc2O)c1,5.045757490560675
COCC#CC(=O)Nc1cc2c(Nc3cccc(Br)c3)c(C#N)cnc2cc1OC,6.102372908709558
COCC#CC(=O)Nc1ccc2ncc(C#N)c(Nc3cccc(Br)c3)c2c1,6.017728766960431
COCC/N=N/Nc1ccc2ncnc(Nc3cccc(Br)c3)c2c1,7.1487416512809245
COCC1CCCN1CC#CC(=O)Nc1ccc2ncc(C#N)c(Nc3cccc(Br)c3)c2c1,6.823908740944319
COCCN(C)CCN1CCC(n2cc(-c3cccc(OC)c3)c3c(N)ncnc32)CC1,6.031517051446065
COCCNCCN1CCC(n2cc(-c3cccc(OC)c3)c3c(N)ncnc32)CC1,6.508638306165727
COCCOCC#CC(=O)Nc1ccc2ncc(C#N)c(Nc3cccc(Br)c3)c2c1,6.031517051446065
COCCOc1cc2ncnc(Nc3ccc(Cl)cc3F)c2cc1OC,7.0
COCOC#CC(=O)Nc1ccc2ncc(C#N)c(Nc3cccc(Br)c3)c2c1,6.481486060122113
CO[C@H]1[C@@H](N(C)C(=O)C(F)(F)F)C[C@@H]2O[C@@]1(C)n1c3ccccc3c3c4c(c5c6ccccc6n2c5c31)C(=O)NC4,5.1938200260161125
CO[C@H]1[C@@H](N(C)C(=O)CCC(=O)O)C[C@@H]2O[C@@]1(C)n1c3ccccc3c3c4c(c5c6ccccc6n2c5c31)C(=O)NC4,6.795880017344075
CO[C@H]1[C@@H](N(C)C(=O)CN)C[C@@H]2O[C@@]1(C)n1c3ccccc3c3c4c(c5c6ccccc6n2c5c31)C(=O)NC4,6.657577319177793
CO[C@H]1[C@@H](N(C)C(=O)CNC(=O)OC(C)(C)C)C[C@@H]2O[C@@]1(C)n1c3ccccc3c3c4c(c5c6ccccc6n2c5c31)C(=O)NC4,5.455931955649724
CO[C@H]1[C@@H](N(C)C(=O)OC(C)(C)C)C[C@@H]2O[C@@]1(C)n1c3ccccc3c3c4c(c5c6ccccc6n2c5c31)C(=O)NC4,4.8696662315049934
CO[C@H]1[C@@H](N(C)C(=O)c2ccc(C(=O)O)cc2)C[C@@H]2O[C@@]1(C)n1c3ccccc3c3c4c(c5c6ccccc6n2c5c31)C(=O)NC4,6.958607314841775
CO[C@H]1[C@@H](N(C)C(=O)c2ccc(Cl)cc2)C[C@@H]2O[C@@]1(C)n1c3ccccc3c3c4c(c5c6ccccc6n2c5c31)C(=O)NC4,5.154901959985743
CO[C@H]1[C@@H](N(C)C(=O)c2cccc(Cl)c2)C[C@@H]2O[C@@]1(C)n1c3ccccc3c3c4c(c5c6ccccc6n2c5c31)C(=O)NC4,5.337242168318426
CO[C@H]1[C@@H](N(C)C(=O)c2cccc([N+](=O)[O-])c2)C[C@@H]2O[C@@]1(C)n1c3ccccc3c3c4c(c5c6ccccc6n2c5c31)C(=O)NC4,5.318758762624412
CO[C@H]1[C@@H](N(C)C(=O)c2ccccc2)C[C@@H]2O[C@@]1(C)n1c3ccccc3c3c4c(c5c6ccccc6n2c5c31)C(=O)NC4,5.721246399047171
CO[C@H]1[C@@H](N(C)C(=O)c2ccccc2Cl)C[C@@H]2O[C@@]1(C)n1c3ccccc3c3c4c(c5c6ccccc6n2c5c31)C(=O)NC4,5.327902142064283
CO[C@H]1[C@@H](N(C)C(=O)c2cccnc2)C[C@@H]2O[C@@]1(C)n1c3ccccc3c3c4c(c5c6ccccc6n2c5c31)C(=O)NC4,5.087246696328677
CO[C@H]1[C@@H](N(C)C(=O)c2cnccn2)C[C@@H]2O[C@@]1(C)n1c3ccccc3c3c4c(c5c6ccccc6n2c5c31)C(=O)NC4,5.087246696328677
CO[C@H]1[C@@H](N(C)C(C)=O)C[C@@H]2O[C@@]1(C)n1c3ccccc3c3c4c(c5c6ccccc6n2c5c31)C(=O)NC4,5.585026652029182
CO[C@H]1[C@@H](N(C)CC(=O)O)C[C@@H]2O[C@@]1(C)n1c3ccccc3c3c4c(c5c6ccccc6n2c5c31)C(=O)NC4,7.508638306165727
CO[C@H]1[C@@H](N(C)CCC#N)C[C@@H]2O[C@@]1(C)n1c3ccccc3c3c4c(c5c6ccccc6n2c5c31)C(=O)NC4,5.958607314841775
CO[C@H]1[C@@H](N(C)Cc2ccccc2)C[C@@H]2O[C@@]1(C)n1c3ccccc3c3c4c(c5c6ccccc6n2c5c31)C(=O)NC4,6.040958607678906
CO[C@H]1[C@@H](N(C)S(C)(=O)=O)C[C@@H]2O[C@@]1(C)n1c3ccccc3c3c4c(c5c6ccccc6n2c5c31)C(=O)NC4,5.958607314841775
CO[C@H]1[C@@H]([N+](C)(C)C)C[C@@H]2O[C@@]1(C)n1c3ccccc3c3c4c(c5c6ccccc6n2c5c31)C(=O)NC4,7.721246399047171
COc1cc(/C(C)=C(\C#N)C(=O)O)ccc1O,2.958607314841775
COc1cc(/C=C(/C#N)C(N)=O)cc(CSCc2ccc(Cl)cc2)c1O,4.800000052738446
COc1cc(/C=C(\C#N)C(=O)O)cc(OC)c1O,3.5783960731301687
COc1cc(/C=C(\C#N)C(=O)O)ccc1O,3.4881166390211256
COc1cc(/C=C(\C#N)C(N)=C(C#N)C#N)cc(O)c1O,5.920818753952375
COc1cc(/C=C(\C#N)C(N)=O)cc(CSC2=NCCS2)c1O,5.059999795537068
COc1cc(/C=C(\C#N)C(N)=O)cc(CSCc2ccccc2)c1O,6.050000457140078
COc1cc(/C=C(\C#N)C(N)=O)cc(CSCc2ccccc2Cl)c1O,6.0
COc1cc(/C=C(\C#N)C(N)=O)cc(CSc2ccc(C)cc2)c1O,5.760000207113128
COc1cc(/C=C(\C#N)C(N)=O)cc(CSc2cccc3ccccc23)c1O,5.770000934050708
COc1cc(/C=C(\C#N)C(N)=O)cc(CSc2ccccc2)c1O,6.399996913372259
COc1cc(/C=C(\C#N)C(N)=O)cc(CSc2ccccc2C(=O)O)c1O,6.149997413907539
COc1cc(/C=C(\C#N)C(N)=O)cc(CSc2ccccc2NC(C)=O)c1O,4.659999925349902
COc1cc(/C=C(\C#N)C(N)=O)cc(CSc2ccccn2)c1O,5.470000200122707
COc1cc(/C=C(\C#N)C(N)=O)cc(CSc2nc3cc(Cl)ccc3s2)c1O,4.079999984911641
COc1cc(/C=C(\C#N)C(N)=O)cc(CSc2nc3ccccc3[nH]2)c1O,4.8399999311187
COc1cc(/C=C(\C#N)C(N)=O)cc(CSc2nc3ccccc3o2)c1O,5.280000380871156
COc1cc(/C=C(\C#N)C(N)=O)cc(CSc2nc3ccccc3s2)c1O,4.719999935717911
COc1cc(/C=C(\C#N)C(N)=O)cc(SCCCC(=O)O)c1O,4.319999993033794
COc1cc(C=C(C#N)C#N)cc(Br)c1O,3.815308569182401
COc1cc(C=C(C#N)C#N)cc(C)c1O,4.059999994991732
COc1cc(C=C(C#N)C#N)cc(CS(=O)(=O)c2ccc(C)cc2)c1O,4.639999934172963
COc1cc(C=C(C#N)C#N)cc(CSc2ccccc2)c1O,5.169999984192581
COc1cc(C=C(C#N)C#N)cc(CSc2ccccc2C(=O)O)c1O,5.100000128334196
COc1cc(C=C(C#N)C#N)cc(O)c1O,5.221848749616356
COc1cc(C=C(C#N)C#N)cc(OC)c1O,3.070581074285707
COc1cc(C=C(C#N)C#N)cc(SCC(=O)O)c1O,4.2699999970646445
COc1cc(C=C(C#N)C#N)cc([N+](=O)[O-])c1O,3.795880017344075
COc1cc(C=C(C#N)C#N)ccc1O,3.6989700043360187
COc1cc(NC(=O)/C=C/CN(C)C)cc2c(Nc3cccc(Br)c3)c(C#N)cnc12,5.540607512240769
COc1cc(NC(=O)/C=C/CN2CCOCC2)cc2c(Nc3cccc(Br)c3)c(C#N)cnc12,5.268411234813262
COc1cc(Nc2c(C#N)cnc3cc(-c4ccc(CN5CCOCC5)cc4)ccc23)c(Cl)cc1Cl,5.522878745280337
COc1cc(Nc2ncc3cc(-c4c(Cl)cccc4Cl)c(=O)n(C)c3n2)cc(OC)c1,6.481486060122113
COc1cc2/c(=N/c3ccc(Br)cc3F)nc[nH]c2cc1OCC1CCN(C)CC1,6.849485002168009
COc1cc2c(Nc3c(F)cc(Br)cc3F)ncnc2cc1OCC1CCN(C)CC1,6.4604093769761874
COc1cc2c(Nc3c(F)cc(Br)cc3F)ncnc2cc1OCC1CCNCC1,6.372363747448347
COc1cc2c(Nc3c(F)cc(Cl)cc3F)ncnc2cc1OCC1CCN(C)CC1,6.434833115752497
COc1cc2c(Nc3c(F)cc(Cl)cc3F)ncnc2cc1OCC1CCNCC1,6.261439372640169
COc1cc2c(Nc3cc(O)c(C)cc3F)ncnc2cc1OCC1CCN(C)CC1.Cl,6.610924374808178
COc1cc2c(Nc3cc(O)c(Cl)cc3F)ncnc2cc1OCC1CCN(C)CC1.Cl,7.0774509799928715
COc1cc2c(Nc3ccc(Br)cc3F)ncnc2cc1OC/C=C/CN1CCCC1.Cl,7.022878745280337
COc1cc2c(Nc3ccc(Br)cc3F)ncnc2cc1OCC1CCN(C)CC1.Cl,6.535290537142854
COc1cc2c(Nc3ccc(Br)cc3F)ncnc2cc1OCCC1CCN(C)CC1,6.761439372640169
COc1cc2c(Nc3ccc(Br)cc3F)ncnc2cc1OCCC1CCNCC1,6.8979400086720375
COc1cc2c(Nc3ccc(Br)cc3F)ncnc2cc1OCCCN1CCN(C)CC1.Cl,7.022878745280337
COc1cc2c(Nc3ccc(Br)cc3F)ncnc2cc1OCCn1ccnn1,6.849485002168009
COc1cc2c(Nc3ccc(Br)cc3F)ncnc2cc1OC[C@@H]1CCCN(C)C1,6.761439372640169
COc1cc2c(Nc3ccc(Br)cc3F)ncnc2cc1OC[C@H]1CCCN(C)C1,6.911954370472159
COc1cc2c(Nc3ccc(C#N)cc3F)ncnc2cc1OC/C=C/CN1CCCC1,5.975390988664909
COc1cc2c(Nc3ccc(C)cc3F)ncnc2cc1OCC1CCN(C)CC1,6.198970004336019
COc1cc2c(Nc3ccc(C)cc3F)ncnc2cc1OCC1CCNCC1,6.323908740944319
COc1cc2c(Nc3ccc(Cl)cc3F)ncnc2cc1OC/C=C/CN1CCCC1.Cl,7.0713337517843655
COc1cc2c(Nc3ccc(Cl)cc3F)ncnc2cc1OCC1CCN(C)CC1.Cl,6.761439372640169
COc1cc2c(Nc3ccc(Cl)cc3F)ncnc2cc1OCC1CCNCC1.Cl,6.761439372640169
COc1cc2c(Nc3ccc(Cl)cc3F)ncnc2cc1OCCC1CCN(C)CC1,6.610924374808178
COc1cc2c(Nc3ccc(Cl)cc3F)ncnc2cc1OCCCN1CCCC1.Cl,7.0
COc1cc2c(Nc3ccc(Cl)cc3F)ncnc2cc1OCCCN1CCN(C)CC1.Cl,7.06246936830415
COc1cc2c(Nc3ccc(Cl)cc3F)ncnc2cc1OCCCN1CCOCC1,6.849485002168009
COc1cc2c(Nc3ccc(Cl)cc3F)ncnc2cc1OCCN(C)c1ccncc1,6.610924374808178
COc1cc2c(Nc3ccc(Cl)cc3F)ncnc2cc1OCCN1CCN(C)CC1,6.698970004336019
COc1cc2c(Nc3ccc(Cl)cc3F)ncnc2cc1OCCN1CCOCC1,6.4604093769761874
COc1cc2c(Nc3ccc(Cl)cc3F)ncnc2cc1OC[C@@H]1CCCN(C)C1,6.911954370472159
COc1cc2ncc(C#N)c(Nc3ccc(F)c(Cl)c3)c2cc1NC(=O)/C=C/C(C)N(C)C,5.282329496997738
COc1cc2ncc(C#N)c(Nc3ccc(F)c(Cl)c3)c2cc1NC(=O)/C=C/C(C)N1CCOCC1,4.975104039892515
COc1cc2ncc(C#N)c(Nc3ccc(F)c(Cl)c3)c2cc1NC(=O)/C=C/CN(C)C,5.634512015109101
COc1cc2ncc(C#N)c(Nc3ccc(F)c(Cl)c3)c2cc1NC(=O)/C=C/CN1CCOCC1,4.867420152340263
COc1cc2ncc(C#N)c(Nc3ccc(F)c(Cl)c3)c2cc1OCCCN1CCOCC1,5.982966660701219
COc1cc2ncc(C#N)c(Nc3cccc(Br)c3)c2cc1NC(=O)/C=C/CN(C)C,6.102372908709558
COc1cc2ncc(C#N)c(Nc3cccc(Br)c3)c2cc1NC(=O)/C=C/CN1CCOCC1,5.416801226031377
COc1cc2ncc(C#N)c(Nc3cccc(Br)c3)c2cc1NC(=O)C#CCN(C)C,7.045757490560675
COc1cc2ncc(C#N)c(Nc3cccc(Br)c3)c2cc1OC,6.721246399047171
COc1cc2nccc(Nc3cccc(Br)c3)c2cc1OC,6.431798275933005
COc1cc2nccc(Oc3cccc(Br)c3)c2cc1OC,5.6020599913279625
COc1cc2ncnc(Nc3ccc(F)c(Cl)c3)c2cc1OCCCN1CCOCC1,7.644096385479404
COc1cc2ncnc(Nc3cccc(Br)c3)c2cc1OC,9.5
COc1cc2ncnc(Oc3cccc(Br)c3)c2cc1OC,7.154901959985743
COc1cc2sc3c(Nc4cccc(Br)c4)ncnc3c2cc1OC.Cl,6.35261702988538
COc1ccc(-c2cn(C3CCCC3)c3ncnc(N)c23)cc1,6.2441251443275085
COc1ccc(/C=C(\C#N)C(=O)O)cc1,3.0793549985932125
COc1ccc(/C=C(\C#N)c2cccnc2)cc1OC,6.154901959985743
COc1ccc(/C=C/c2cnc3cc(OC)c(OC)cc3c2)cc1,4.698970004336019
COc1ccc(C(=O)N(C)[C@H]2C[C@@H]3O[C@](C)([C@H]2OC)n2c4ccccc4c4c5c(c6c7ccccc7n3c6c42)C(=O)NC5)cc1,5.443697499232712
COc1ccc(C(O)=C(C#N)C#N)cc1,3.3467874862246565
COc1ccc(CC(CO)n2cc(-c3cccc(O)c3)c3c(N)ncnc32)cc1,5.468521082957745
COc1ccc(CC(CO)n2cc(-c3cccc(OC)c3)c3c(N)ncnc32)cc1,5.013228265733755
COc1ccc(CC(CO)n2cc(-c3ccccc3)c3c(N)ncnc32)cc1,4.841637507904751
COc1ccc(NC(=O)/C(C#N)=C/c2ccc(O)c(O)c2)c(OC)c1,4.600000074606178
COc1ccc(NN=C(C#N)C#N)cc1,3.221848749616356
COc1ccc(Nc2cc3c(cc2Nc2ccccc2)C(=O)NC3=O)cc1,5.221848749616356
COc1ccc(Nc2ccnc3cc(OC)c(OC)cc23)cc1OC,4.094204119632131
COc1ccc(Nc2ncc3cc(-c4c(Cl)cccc4Cl)c(=O)n(C)c3n2)cc1,6.657577319177793
COc1ccc(Nc2ncc3cc(-c4c(Cl)cccc4Cl)c(=O)n(C)c3n2)cc1C,6.6020599913279625
COc1ccc(Nc2ncc3cc(-c4c(Cl)cccc4Cl)c(=O)n(C)c3n2)cn1,5.886056647693163
COc1ccc(Nc2ncnc3cc(OC)c(OC)cc23)cc1OC,5.552841968657781
COc1ccc2[nH]c3ncnc(Nc4cccc(Br)c4)c3c2c1,8.403437700822769
COc1ccc2c(C(=O)Nc3ccccc3)c(SSc3c(C(=O)Nc4ccccc4)c4ccc(OC)cc4n3C)n(C)c2c1,5.443697499232712
COc1ccc2c(c1)sc1c(Nc3cccc(Br)c3)ncnc12,7.096910013008056
COc1ccc2ncnc(Nc3ccc(OCc4ccccc4)cc3)c2c1,7.167491087293763
COc1ccc2ncnc(Nc3cccc(Br)c3)c2c1,7.522878745280337
COc1ccc2ncnc(Nc3cccc(Br)c3)c2n1,8.366531544420413
COc1cccc(-c2ccc3c(c2)NC(=O)/C3=C\c2[nH]c3c(c2CCC(=O)O)CCCC3)c1,5.051587034221399
COc1cccc(-c2cn(C3CC(C(=O)NCCO)C3)c3ncnc(N)c23)c1,6.481486060122113
COc1cccc(-c2cn(C3CC(CNCCO)C3)c3ncnc(N)c23)c1,6.309803919971486
COc1cccc(-c2cn(C3CC(CO)C3)c3ncnc(N)c23)c1,6.376750709602099
COc1cccc(-c2cn(C3CCC3)c3ncnc(N)c23)c1,6.346787486224656
COc1cccc(-c2cn(C3CCCC3)c3ncnc(N)c23)c1,6.337242168318426
COc1cccc(-c2cn(C3CCN(CC(=O)N(C)C)CC3)c3ncnc(N)c23)c1,6.1249387366083
COc1cccc(-c2cn(C3CCN(CC(N)=O)C3)c3ncnc(N)c23)c1,6.356547323513812
COc1cccc(-c2cn(C3CCN(CC(N)=O)CC3)c3ncnc(N)c23)c1,6.455931955649724
COc1cccc(-c2cn(C3CCN(CCN(C)CCO)CC3)c3ncnc(N)c23)c1,5.819041690665678
COc1cccc(-c2cn(C3CCN(CCO)CC3)c3ncnc(N)c23)c1,6.045757490560675
COc1cccc(-c2cn(C3CCNC3)c3ncnc(N)c23)c1,5.950781977329818
COc1cccc(Nc2ncc3cc(-c4c(Cl)cccc4Cl)c(=O)n(C)c3n2)c1,7.522878745280337
COc1cccc2c(C(=O)Nc3ccccc3)c(SSc3c(C(=O)Nc4ccccc4)c4cccc(OC)c4n3C)n(C)c12,5.187086643357144
COc1cccc2c1sc1c(Nc3cccc(Br)c3)ncnc12.Cl,7.8996294548824375
COc1cccc2sc3c(Nc4cccc(Br)c4)ncnc3c12.Cl,7.698970004336019
COc1ccccc1Nc1ncc2cc(-c3c(Cl)cccc3Cl)c(=O)n(C)c2n1,7.180456064458132
COc1ncc2ncnc(Nc3cccc(Br)c3)c2n1,8.42021640338319
COc1nccc(-c2c(-c3ccc(F)cc3)ncn2[C@H]2CC[C@H](O)CC2)n1,7.080921907623926
CS(=O)(=O)CCN(CCCCOc1ccc2ncnc(Nc3ccc(OCc4ccccc4)cc3)c2c1)C(=O)C(F)(F)F,6.580044251510242
CS(=O)(=O)CCNCCCCOc1ccc2ncnc(Nc3ccc(F)c(Cl)c3)c2c1,7.423855827808472
CS(=O)(=O)CCNCCCCOc1ccc2ncnc(Nc3ccc(OCc4cccc(F)c4)c(Cl)c3)c2c1,7.568636235841013
CS(=O)(=O)CCNCCCCOc1ccc2ncnc(Nc3ccc(OCc4ccccc4)cc3)c2c1,7.130768280269024
CS(=O)(=O)CCNCCCCOc1ccc2ncnc(Nc3ccc(S(=O)(=O)c4ccccc4)cc3)c2c1,7.031517051446065
CS(=O)(=O)CCNCCCCOc1ccc2ncnc(Nc3ccc4c(cnn4Cc4cccc(F)c4)c3)c2c1,6.910224104417406
CS(=O)(=O)CCNCCCOc1ccc2ncnc(Nc3ccc(OCc4ccccc4)cc3)c2c1,6.982966660701219
CS(=O)(=O)CCNCc1ccc(-c2ccc3ncnc(Nc4ccc(OCc5cccc(F)c5)c(Cl)c4)c3c2)o1,8.0
CS(=O)(=O)CCNc1nc(-c2ccc3ncnc(Nc4ccc(F)c(Cl)c4)c3c2)cs1,6.850028549988616
CS(=O)(=O)CCNc1nc(-c2ccc3ncnc(Nc4ccc(OCc5cccc(C(F)(F)F)c5)cc4)c3c2)cs1,5.506166867536862
CS(=O)(=O)CCNc1nc(-c2ccc3ncnc(Nc4ccc(OCc5cccc(F)c5)c(Cl)c4)c3c2)cs1,7.548455006504028
CS(=O)(=O)CCNc1nc(-c2ccc3ncnc(Nc4ccc(OCc5ccccc5)c(Cl)c4)c3c2)cs1,7.367591088495232
CS(=O)(=O)CCNc1nc(-c2ccc3ncnc(Nc4ccc(OCc5ccccc5)cc4)c3c2)cs1,6.441033082480179
CS(=O)(=O)CCNc1nc(-c2ccc3ncnc(Nc4ccc5c(cnn5Cc5ccccc5)c4)c3c2)cs1,7.05367448306135
C[C@H](Nc1[nH]cnc2c3ccccc3nc1-2)c1ccccc1.Cl,6.377785977033705
C[C@H](Nc1ncnc2c1sc1ccccc12)c1ccccc1,6.269217724333611
C[S+]([O-])c1ccc(-c2nc(-c3ccc(F)cc3)c(-c3ccncc3)[nH]2)cc1,4.017728766960432
Cc1[nH]c(/C=C2\C(=O)Nc3ncnc(Nc4ccc(F)c(Cl)c4)c32)c(C)c1CCC(=O)O,6.7447274948966935
Cc1c(C(=O)N2CCN(C)CC2)c[nH]c1/C=C1\C(=O)Nc2ncnc(Nc3ccc(F)c(Cl)c3)c21,6.3872161432802645
Cc1cc(/C=C2\C(=O)Nc3ncnc(Nc4ccc(F)c(Cl)c4)c32)[nH]c1C(=O)N1CCN(C)CC1,6.6777807052660805
Cc1cc(C(=O)N2CC(C)NC(C)C2)[nH]c1/C=C1\C(=O)Nc2ncnc(Nc3ccc(F)c(Cl)c3)c21,6.908764141197313
Cc1cc(C(=O)N2CCN(C)CC2)[nH]c1/C=C1\C(=O)Nc2ncnc(Nc3ccc(F)c(Cl)c3)c21,7.0
Cc1cc(C(=O)N2CCOCC2)[nH]c1/C=C1\C(=O)Nc2ncnc(Nc3ccc(F)c(Cl)c3)c21,6.769551078621726
Cc1cc(C(=O)N2CCOCC2)[nH]c1/C=C1\C(=O)Nc2ncnc(Nc3ccc4c(c3)CCC4)c21,5.364516253185088
Cc1cc(C(=O)N2CCOCC2)[nH]c1/C=C1\C(=O)Nc2ncnc(Nc3ccc4c(ccn4Cc4ccccc4)c3)c21,7.673393743112328
Cc1cc(C(=O)N2CCOCC2)[nH]c1/C=C1\C(=O)Nc2ncnc(Nc3ccc4c(cnn4Cc4ccccc4)c3)c21,7.872363747448347
Cc1cc(C(=O)NCCN2CCOCC2)[nH]c1/C=C1\C(=O)N(C)c2ncnc(Nc3ccc(F)c(Cl)c3)c21,5.274905478918531
Cc1cc(C(=O)NCCN2CCOCC2)[nH]c1/C=C1\C(=O)Nc2ncnc(Nc3ccc(F)c(Cl)c3)c21,7.3979400086720375
Cc1cc(C(=O)NCCN2CCOCC2)[nH]c1/C=C1\C(=O)Nc2ncnc(Nc3ccc4c(ccn4Cc4ccccc4)c3)c21,6.698970004336019
Cc1cc(C(=O)O)[nH]c1/C=C1\C(=O)Nc2ncnc(Nc3ccc(F)c(Cl)c3)c21,7.5376020021010435
Cc1cc(C)c(/C=C2\C(=O)Nc3ncnc(Nc4ccc(F)c(Cl)c4)c32)[nH]1,6.522878745280337
Cc1cc(C)c(C(=O)/C(C#N)=C/c2ccc(O)c(O)c2)c(C)c1,4.719999935717911
Cc1cc(C)c(C)c(-c2cc3cnc(N)nc3nc2NC(=O)NC(C)(C)C)c1C,5.175223537524454
Cc1cc(C)c(C)c(-c2cc3cnc(NCCCN4CCN(C)CC4)nc3nc2NC(=O)NC(C)(C)C)c1C,5.154901959985743
Cc1cc(C)c(NC(=O)/C(C#N)=C/c2ccc(O)c(O)c2)c(C)c1,4.719999935717911
Cc1cc(C=C(C#N)C#N)cc(O)c1O,4.210000001311122
Cc1cc(CCC(=O)O)[nH]c1/C=C1\C(=O)Nc2ncnc(Nc3ccc(F)c(Cl)c3)c21,8.327902142064282
Cc1ccc(C(=O)/C(C#N)=C/c2ccc(O)c(O)c2)cc1,4.820000071285178
Cc1ccc(Nc2cc3c(cc2Nc2ccc(C)cc2)C(=O)NC3=O)cc1,5.474423738776309
Cc1ccc(Nc2ncc3cc(-c4c(Cl)cccc4Cl)c(=O)n(C)c3n2)cc1,6.318758762624412
Cc1ccc2[nH]c(SSc3[nH]c4ccc(C)cc4c3CCC(=O)O)c(CCC(=O)O)c2c1,5.075720713938118
Cc1ccc2c(CCC(=O)O)c(SSc3[nH]c4cc(C)ccc4c3CCC(=O)O)[nH]c2c1,5.5376020021010435
Cc1cccc(C)c1-c1cc2cnc(N)nc2nc1NC(=O)NC(C)(C)C,6.214670164989233
Cc1cccc(C)c1NC(=O)/C(C#N)=C/c1ccc(O)c(O)c1,4.989999996723885
Cc1cccc(Nc2cc(NCCO)ncn2)c1,9.0
Cc1cccc(Nc2ncnc3c2sc2ccc(N)cc23)c1,7.843277314786793
Cc1cccc(Nc2ncnc3c2sc2ccc([N+](=O)[O-])cc23)c1.Cl,7.958607314841775
Cc1cccc(Nc2ncnc3cc(NCCCCN(C)C)ncc23)c1,8.267606240177031
Cc1cccc(Nc2ncnc3cc(NCCCN4CCN(C)CC4)ncc23)c1,8.2518119729938
Cc1cccc(Nc2ncnc3cc(NCCCN4CCOCC4)ncc23)c1,8.031517051446064
Cc1cccc(Nc2ncnc3cc(NCCCn4ccnc4)ncc23)c1,8.455931955649724
Cc1cccc(Nc2ncnc3cc(NCCc4c[nH]cn4)ncc23)c1,8.142667503568731
Cc1cccc(Nc2ncnc3ccc(/N=N/N(C)C)cc23)c1,7.619788758288394
Cc1cccc(Nc2ncnc3ccc(N)cc23)c1,6.0
Cc1cccc(Nc2ncnc3cnc(Cl)nc23)c1,6.42021640338319
Cc1cccc(Nc2ncnc3cnc(N(C)C)nc23)c1,8.397940008672037
Cc1cccc(Nc2ncnc3cnc(N)nc23)c1,7.769551078621726
Cc1cccc(Nc2ncnc3cnc(NCCN4CCOCC4)nc23)c1,8.638272163982407
Cc1cccc(Nc2ncnc3cnc(NCCc4c[nH]cn4)nc23)c1,8.522878745280337
Cc1cccc2c(CCC(=O)O)c(SSc3[nH]c4c(C)cccc4c3CCC(=O)O)[nH]c12,5.823908740944319
Cl.Cn1c2ccccc2c2ncnc(Nc3cccc(Br)c3)c21,6.87942606879415
Cl.Nc1ccc2c(c1)sc1c(Nc3cccc(Br)c3)ncnc12,9.327902142064282
Cl.O=[N+]([O-])c1ccc2c(c1)sc1c(Nc3cccc(Br)c3)ncnc12,7.318758762624412
Cl.O=[N+]([O-])c1ccc2sc3c(Nc4cccc(Br)c4)ncnc3c2c1,7.910094888560602
Cl.O=[N+]([O-])c1ccc2sc3c(Nc4cccc(C(F)(F)F)c4)ncnc3c2c1,6.337242168318426
Cl.O=[N+]([O-])c1ccc2sc3c(Nc4ccccc4)ncnc3c2c1,7.236572006437063
Cl.O=[N+]([O-])c1cccc2c1sc1c(Nc3cccc(Br)c3)ncnc12,6.801342913045577
Cl.c1ccc(Nc2[nH]cnc3c4ccccc4nc2-3)cc1,5.675717544702307
Clc1cccc(Nc2ncnc3ccccc23)c1,7.638272163982407
Clc1ncc2ncnc(Nc3cccc(Br)c3)c2n1,7.086186147616283
Clc1ncc2ncnc(Nc3ccccc3)c2n1,5.5934598195660445
Cn1c(=O)c(-c2c(Cl)cccc2Cl)cc2cnc(N)nc21,5.251811972993799
Cn1c(=O)c(-c2c(Cl)cccc2Cl)cc2cnc(NCCCCCC(=O)O)nc21,6.0
Cn1c(=O)c(-c2c(Cl)cccc2Cl)cc2cnc(Nc3ccc(CC(=O)O)cc3)nc21,6.657577319177793
Cn1c(=O)c(-c2c(Cl)cccc2Cl)cc2cnc(Nc3ccc(CCCC(=O)O)cc3)nc21,7.096910013008056
Cn1c(=O)c(-c2c(Cl)cccc2Cl)cc2cnc(Nc3cccc(Br)c3)nc21,6.173925197299173
Cn1c(=O)c(-c2c(Cl)cccc2Cl)cc2cnc(Nc3cccc(C(=O)O)c3)nc21,6.721246399047171
Cn1c(=O)c(-c2c(Cl)cccc2Cl)cc2cnc(Nc3cccc(CO)c3)nc21,7.045757490560675
Cn1c(=O)c(-c2c(Cl)cccc2Cl)cc2cnc(Nc3cccc(O)c3)nc21,6.823908740944319
Cn1c(=O)c(-c2c(Cl)cccc2Cl)cc2cnc(Nc3ccccc3)nc21,6.585026652029182
Cn1c(=O)c(-c2c(Cl)cccc2Cl)cc2cnc(Nc3cccnc3)nc21,6.292429823902063
Cn1c(=O)c(-c2c(Cl)cccc2Cl)cc2cnc(Nc3ccncc3)nc21,6.040958607678906
Cn1c(SSc2c(C(=O)Nc3ccccc3)c3c(Cl)cccc3n2C)c(C(=O)Nc2ccccc2)c2c(Cl)cccc21,4.0
Cn1c(SSc2c(C(=O)Nc3ccccc3)c3cc(Br)ccc3n2C)c(C(=O)Nc2ccccc2)c2cc(Br)ccc21,4.943095148663527
Cn1c(SSc2c(C(=O)Nc3ccccc3)c3cc(C#N)ccc3n2C)c(C(=O)Nc2ccccc2)c2cc(C#N)ccc21,4.266802734893431
Cn1c(SSc2c(C(=O)Nc3ccccc3)c3cc(Cl)ccc3n2C)c(C(=O)Nc2ccccc2)c2cc(Cl)ccc21,5.366531544420414
Cn1c(SSc2c(C(=O)Nc3ccccc3)c3cc(O)ccc3n2C)c(C(=O)Nc2ccccc2)c2cc(O)ccc21,4.392544976785332
Cn1c(SSc2c(C(=O)Nc3ccccc3)c3cc([N+](=O)[O-])ccc3n2C)c(C(=O)Nc2ccccc2)c2cc([N+](=O)[O-])ccc21,5.301029995663981
Cn1c(SSc2c(C(=O)Nc3ccccc3)c3ccc(O)cc3n2C)c(C(=O)Nc2ccccc2)c2ccc(O)cc21,4.356547323513812
Cn1c(SSc2c(C(=O)Nc3ccccc3)c3cccc(O)c3n2C)c(C(=O)Nc2ccccc2)c2cccc(O)c21,4.0
Cn1c(SSc2c(C(=O)Nc3ccccc3)c3ccccc3n2C)c(C(=O)Nc2ccccc2)c2ccccc21,5.0
Cn1c(SSc2c(C(=O)Nc3ccccc3)c3cccnc3n2C)c(C(=O)Nc2ccccc2)c2cccnc21,4.651695136951839
Cn1c(SSc2c(CC(=O)O)c3ccccc3n2C)c(CC(=O)O)c2ccccc21,4.275724130399211
Cn1c(SSc2c(CCC(=O)O)c3ccccc3n2C)c(CCC(=O)O)c2ccccc21,5.508638306165727
Cn1c(SSc2c(CCCC(=O)O)c3ccccc3n2C)c(CCCC(=O)O)c2ccccc21,5.080921907623926
Cn1c([Se][Se]c2c(C(=O)O)c3ccccc3n2C)c(C(=O)O)c2ccccc21,5.455931955649724
Cn1c2ccccc2c2c(Nc3cccc(Br)c3)ncnc21,6.12183487745977
Cn1ccc2cc3c(Nc4cccc(Br)c4)ncnc3cc21,8.377243666092925
Cn1cnc2c(NCc3ccccc3)nc(NCCO)nc21,3.3565473235138126
Cn1ncc2cc3c(Nc4cccc(Br)c4)ncnc3cc21,8.658927461813084
N#C/C(=C/c1cc(O)ccc1O)C(=O)O,4.1249387366083
N#C/C(=C/c1ccc[nH]1)C(=O)O,2.8664610916297826
N#C/C(=C\c1cc(O)c(O)c(CSCc2ccccc2)c1)C(N)=O,6.190002844637807
N#C/C(=C\c1ccc(C=O)cc1)C(=O)O,4.327902142064283
N#C/C(=C\c1ccc(F)cc1)C(=O)O,3.0793549985932125
N#C/C(=C\c1ccc(O)c(O)c1)C(=O)N1CCc2ccccc21,4.920000156997057
N#C/C(=C\c1ccc(O)c(O)c1)C(=O)NC1CCCCC1,5.229999745811777
N#C/C(=C\c1ccc(O)c(O)c1)C(=O)NCCCCc1ccccc1,5.300000202445418
N#C/C(=C\c1ccc(O)c(O)c1)C(=O)NCCCc1ccccc1,6.149997413907539
N#C/C(=C\c1ccc(O)c(O)c1)C(=O)NCCc1ccccc1,6.209996479609511
N#C/C(=C\c1ccc(O)c(O)c1)C(=O)NCc1ccc(O)cc1,5.5200002474083645
N#C/C(=C\c1ccc(O)c(O)c1)C(=O)NCc1ccccc1,5.727449781421745
N#C/C(=C\c1ccc(O)c(O)c1)C(=O)Nc1ccccc1,5.899998417198648
N#C/C(=C\c1ccc(O)c(O)c1)C(=O)Nc1ccccc1Cl,5.679999195735272
N#C/C(=C\c1ccc(O)c(O)c1)C(=O)O,4.6020599913279625
N#C/C(=C\c1ccc(O)c(O)c1)C(=O)c1ccc(F)cc1,5.290000325166601
N#C/C(=C\c1ccc(O)c(O)c1)C(=O)c1ccc(O)c(O)c1,5.300000202445418
N#C/C(=C\c1ccc(O)c(O)c1)C(=O)c1ccc([N+](=O)[O-])cc1,4.96000007768865
N#C/C(=C\c1ccc(O)c(O)c1)C(=O)c1ccccc1,4.849999859991125
N#C/C(=C\c1ccc(O)c(O)c1)C(=O)c1ccccc1Cl,5.180000294489514
N#C/C(=C\c1ccc(O)c(O)c1)C(=O)c1cccs1,4.510000060783276
N#C/C(=C\c1ccc(O)c(O)c1)C(N)=O,5.174999801731574
N#C/C(=C\c1ccc(O)c(O)c1)C(N)=S,5.387345359137068
N#C/C(=C\c1ccc(O)cc1)C(=O)O,3.7825160557860937
N#C/C(=C\c1ccc(O)cc1)C(N)=O,3.0969100130080562
N#C/C(=C\c1ccc([N+](=O)[O-])cc1)C(=O)O,2.886056647693163
N#C/C(=C\c1ccccc1)C(=O)O,3.070581074285707
N#C/C=C/c1ccc(O)cc1,2.619788758288394
N#CC(C#N)=C(N)/C(C#N)=C/c1cc(O)c(O)c(Br)c1,6.301029995663981
N#CC(C#N)=C(N)/C(C#N)=C/c1cc(O)c(O)c(O)c1,6.096910013008056
N#CC(C#N)=C(N)/C(C#N)=C/c1ccc(O)c(O)c1,5.6020599913279625
N#CC(C#N)=C(N)/C(C#N)=C/c1ccc(O)c([N+](=O)[O-])c1,4.221848749616356
N#CC(C#N)=C(N)/C(C#N)=C/c1ccc(O)cc1,6.903089986991944
N#CC(C#N)=C(O)c1cc(O)c(O)c(O)c1,4.8696662315049934
N#CC(C#N)=C(O)c1ccc(O)cc1,3.638272163982407
N#CC(C#N)=C1C(=O)NC(=O)NC1=O,2.853871964321762
N#CC(C#N)=CNc1ccc(O)cc1,3.4559319556497243
N#CC(C#N)=Cc1cc(O)c(O)c(O)c1,5.522878745280337
N#CC(C#N)=Cc1cc(O)cc(O)c1,4.431798275933005
N#CC(C#N)=Cc1cc(O)ccc1[N+](=O)[O-],4.017728766960432
N#CC(C#N)=Cc1cc2c(cc1[N+](=O)[O-])OCO2,3.2518119729937993
N#CC(C#N)=Cc1cc[n+]([O-])cc1,2.886056647693163
N#CC(C#N)=Cc1ccc(/C=C/C(=O)O)cc1,3.3467874862246565
N#CC(C#N)=Cc1ccc(C(=O)O)cc1,3.3665315444204134
N#CC(C#N)=Cc1ccc(C=O)cc1,4.221848749616356
N#CC(C#N)=Cc1ccc(NC(=O)CCC(=O)O)cc1,3.193820026016113
N#CC(C#N)=Cc1ccc(O)c(O)c1,4.455931955649724
N#CC(C#N)=Cc1ccc(O)c([N+](=O)[O-])c1,3.9030899869919438
N#CC(C#N)=Cc1ccc(O)cc1,3.2518119729937993
N#CC(C#N)=Cc1ccc([N+](=O)[O-])c(O)c1,3.3467874862246565
N#CC(C#N)=Cc1ccc2c(c1)OCO2,3.4559319556497243
N#CC(C#N)=Cc1ccc[nH]1,3.585026652029182
N#CC(C#N)=Cc1cccc(O)c1,3.425968732272281
N#CC(C#N)=Cc1ccncc1,3.6020599913279625
N#CC(C#N)=NNc1ccc(O)cc1,3.6478174818886373
N#CC(C#N)Cc1ccc(O)cc1,2.1870866433571443
N#CCNC(=O)/C(C#N)=C/c1ccc(O)cc1,3.2041199826559246
N#Cc1cnc2ccc(NC(=O)/C=C/CN3CCOCC3)cc2c1Nc1ccc(F)c(Cl)c1,5.640164517660112
N#Cc1cnc2ccc(NC(=O)C#CCN3CCSCC3)cc2c1Nc1cccc(Br)c1,6.259637310505756
NC(=O)CN1CCC(n2cc(-c3cccc(O)c3)c3c(N)ncnc32)C1,6.3979400086720375
NC(=O)CN1CCC(n2cc(-c3cccc(O)c3)c3c(N)ncnc32)CC1,6.769551078621726
NC(Cc1c(SSc2[nH]c3ccccc3c2CC(N)C(=O)NCc2ccccc2)[nH]c2ccccc12)C(=O)NCc1ccccc1,5.130768280269024
NNc1cc2ncnc(Nc3cccc(Br)c3)c2cn1,8.148741651280925
NS(=O)(=O)c1ccc2c(c1)/C(=C/c1[nH]c3c(c1CCC(=O)O)CCCC3)C(=O)N2,4.536107011014093
N[C@@H](Cc1ccc(O)c(O)c1)C(=O)O,3.0457574905606752
N[C@H](Cc1c([Se][Se]c2[nH]c3ccccc3c2C[C@H](N)C(=O)NCc2ccccc2)[nH]c2ccccc12)C(=O)NCc1ccccc1,5.886056647693163
Nc1cc2c(Nc3cccc(Br)c3)ncnc2cn1,8.840968332518619
Nc1cc2ncnc(Nc3cccc(Br)c3)c2cn1,7.479303657420887
Nc1cc2sc3c(Nc4cccc(Br)c4)ncnc3c2cc1F,8.18837535480105
Nc1ccc2c(Nc3cccc(Br)c3)ncnc2c1,10.0
Nc1ccc2ncnc(NCc3ccccc3)c2c1,6.294136287716081
Nc1ccc2ncnc(Nc3cccc(Br)c3)c2c1,8.232226360411666
Nc1ccc2ncnc(Nc3cccc(Br)c3)c2n1,7.69745526905921
Nc1ccc2ncnc(Nc3cccc(Cl)c3)c2c1,6.698970004336019
Nc1ccc2sc3c(Nc4cccc(Br)c4)ncnc3c2c1,8.317068892298723
Nc1ccc2sc3c(Nc4cccc(C(F)(F)F)c4)ncnc3c2c1,7.327902142064283
Nc1nc(Nc2cccc(Br)c2)c2c(n1)[nH]c1ccccc12,6.569917872987297
Nc1ncc2ncnc(Nc3cccc(Br)c3)c2n1,8.823908740944319
Nc1ncnc2c1c(-c1ccc(O)cc1)cn2C1CCC1,6.221848749616356
Nc1ncnc2c1c(-c1ccc(O)cc1)cn2C1CCCC1,6.6020599913279625
Nc1ncnc2c1c(-c1ccc(O)cc1)cn2C1CCNC1,5.573488738635425
Nc1ncnc2c1c(-c1ccc(Oc3ccccc3)cc1)cn2C1CCCC1,5.494850021680094
Nc1ncnc2c1c(-c1cccc(O)c1)cn2C1CCC1,6.522878745280337
Nc1ncnc2c1c(-c1cccc(O)c1)cn2C1CCCC1,7.096910013008056
Nc1ncnc2c1c(-c1cccc(O)c1)cn2C1CCN(CCO)CC1,5.5951662833800615
Nc1ncnc2c1c(-c1cccc(O)c1)cn2C1CCNC1,5.815308569182402
Nc1ncnc2c1c(-c1ccccc1)cn2C(CO)Cc1ccc(O)cc1,4.87942606879415
Nc1ncnc2c1c(-c1ccccc1)cn2C(CO)Cc1ccccc1,6.356547323513812
Nc1ncnc2c1c(-c1ccccc1)cn2C1CC(O)C1,5.549750891680639
Nc1ncnc2c1c(-c1ccccc1)cn2C1CCC(O)C1,6.102372908709558
Nc1ncnc2c1c(-c1ccccc1)cn2C1CCC1,6.136677139879544
Nc1ncnc2c1c(-c1ccccc1)cn2C1CCCC1,6.301029995663981
Nc1ncnc2c1c(-c1ccccc1)cn2C1CCNC1,4.872895201635193
O=C(/C=C/C(=O)Nc1cc2c(Nc3ccc(F)c(Cl)c3)ncnc2cn1)NCCCN1CCOCC1,7.853871964321762
O=C(/C=C/C(=O)Nc1cc2c(Nc3cccc(Br)c3)ncnc2cn1)NCCCN1CCOCC1,8.05551732784983
O=C(/C=C/C(=O)Nc1cc2c(Nc3cccc(Br)c3)ncnc2cn1)NCCCn1ccnc1,7.853871964321762
O=C(/C=C/C(F)(F)F)Nc1ccc2ncnc(Nc3cccc(Br)c3)c2c1,8.106446953481715
O=C(/C=C/Cl)Nc1cc2c(Nc3cccc(Br)c3)ncnc2cn1,8.430060456799382
O=C(/C=C/c1ccccc1)Nc1cc2c(Nc3cccc(Br)c3)ncnc2cn1,7.577233941253212
O=C(CCc1c(SSc2[nH]c3ccccc3c2CCC(=O)NCc2ccccc2)[nH]c2ccccc12)NCc1ccccc1,6.070581074285707
O=C(NCCCCOc1ccc2ncnc(Nc3ccc(OCc4ccccc4)cc3)c2c1)C(F)(F)F,7.130768280269024
O=C(NCc1ccccc1)[C@H](Cc1c([Se][Se]c2[nH]c3ccccc3c2C[C@@H](NC(=O)C(F)(F)F)C(=O)NCc2ccccc2)[nH]c2ccccc12)NC(=O)C(F)(F)F,5.154901959985743
O=C(O)/C=C/C(=O)Nc1ccc2ncnc(Nc3cccc(Br)c3)c2c1,9.431798275933005
O=C(O)/C=C/c1ccc(O)c(O)c1,2.9208187539523753
O=C(O)/C=C/c1ccc(O)cc1,2.5228787452803374
O=C(O)C(=Cc1ccc(O)cc1)C(=O)O,2.8239087409443187
O=C(O)CC1C(S)=Nc2ccccc21,4.826813731587726
O=C(O)CCC1C(S)=Nc2ccccc21,5.790484985457369
O=C(O)CCCC1C(S)=Nc2ccccc21,5.173925197299174
O=C(O)CCCNc1cc2ncnc(Nc3cccc(Br)c3)c2cn1,9.55284196865778
O=C(O)CCCc1c(SSc2[nH]c3ccccc3c2CCCC(=O)O)[nH]c2ccccc12,4.7447274948966935
O=C(O)CCNc1cc2ncnc(Nc3cccc(Br)c3)c2cn1,7.07888265682638
O=C(O)CCc1c(/C=C2\C(=O)Nc3ccc(C(=O)O)cc32)[nH]c2c1CCCC2,4.247951552180561
O=C(O)CCc1c(SSc2[nH]c3ccccc3c2CCC(=O)O)[nH]c2ccccc12,5.376750709602099
O=C(O)CNc1cc2ncnc(Nc3cccc(Br)c3)c2cn1,8.823908740944319
O=C(O)Cc1c(SSSc2[nH]c3ccccc3c2CC(=O)O)[nH]c2ccccc12,5.031517051446065
O=C(O)Cc1c(SSc2[nH]c3ccccc3c2CC(=O)O)[nH]c2ccccc12,4.991399828238082
O=C(O)Cn1ccc2cc3c(Nc4cccc(Br)c4)ncnc3cc21,7.021004910796584
O=C(O)Cn1ncc2cc3c(Nc4cccc(Br)c4)ncnc3cc21,6.59899647537341
O=C(O)c1cc(NCc2cc(O)ccc2O)ccc1O,4.036212172654444
O=C1NC(=O)c2cc(Nc3ccc(F)cc3)c(Nc3ccc(F)cc3)cc21,5.906239639581768
O=C1NC(=O)c2cc(Nc3ccc(O)cc3)c(Nc3ccc(O)cc3)cc21,5.6020599913279625
O=C1NC(=O)c2cc(Nc3ccccc3)c(Nc3ccccc3)cc21,6.522878745280337
O=C1Nc2ncnc(Nc3ccc(F)c(Cl)c3)c2/C1=C/c1ccc(C(=O)NCCN2CCOCC2)[nH]1,7.657577319177793
O=CN/C=C/c1cc(O)ccc1O,5.27642098432889
O=P(O)(O)C(O)c1ccc2ccccc2c1,3.6020599913279625
O=S(=O)(CCO)c1cc2c(Nc3cccc(Br)c3)ncnc2cn1,7.029188389127482
O=S(=O)(O)CCNc1cc2ncnc(Nc3cccc(Br)c3)c2cn1,8.853871964321762
O=c1c(-c2ccc(O)cc2)coc2cc(O)cc(O)c12,6.0
O=c1c(O)c(-c2ccc(O)c(O)c2)oc2cc(O)cc(O)c12,3.721246399047171
OCC(CO)Nc1cc2ncnc(Nc3cccc(Br)c3)c2cn1,7.853871964321762
OCC(O)C(O)C(O)C(O)CNc1cc2ncnc(Nc3cccc(Br)c3)c2cn1,8.318758762624412
OCC(O)CNc1cc2ncnc(Nc3cccc(Br)c3)c2cn1,7.840093157730661
OCC(O)Cn1ccc2cc3c(Nc4cccc(Br)c4)ncnc3cc21,8.05284196865778
OCC(O)Cn1ncc2cc3c(Nc4cccc(Br)c4)ncnc3cc21,7.209195816983971
OCCN(CCO)CCCNc1cc2ncnc(Nc3cccc(Br)c3)c2cn1,8.920818753952375
OCCN(CCO)CCNc1cc2ncnc(Nc3cccc(Br)c3)c2cn1,8.036212172654444
OCCN(CCO)Cc1c[nH]c2cc3ncnc(Nc4cccc(Br)c4)c3cc12,7.662799093577359
OCCN(CCO)c1cc2ncnc(Nc3cccc(Br)c3)c2cn1,7.920818753952375
OCCNc1cc2ncnc(Nc3cccc(Br)c3)c2cn1,9.619788758288394
Oc1cc(O)c2nc(-c3ccc(O)c(O)c3)sc2c1,3.886056647693163
Oc1cc2cc(-c3cccnc3)cnc2cc1O,6.301029995663981
Oc1ccc(-c2nc3c(O)cc(O)cc3s2)cc1,3.5228787452803374
Oc1ccc(-c2nc3ccc(O)cc3s2)cc1,3.886056647693163
Oc1ccc(/N=N/c2ccc(O)cc2O)cc1,4.236572006437063
Oc1ccc2ncnc(Nc3ccc(OCc4ccccc4)cc3)c2c1,7.008773924307505
[O-][N+]1(CCCNc2cc3ncnc(Nc4cccc(Br)c4)c3cn2)CCOCC1,9.130768280269024
c1ccc(CNc2ncnc3c2[nH]c2ccccc23)cc1,6.337242168318426
c1ccc(CNc2ncnc3c2sc2ccccc23)cc1,6.718966632752273
c1ccc(Nc2[nH]cnc3nc4ccccc4c2-3)cc1,6.578396073130169
c1ccc(Nc2ncnc3ccccc23)cc1,6.460923901207224
